<?xml version="1.0" encoding="UTF-8" standalone="no"?>
<beans xmlns="http://www.springframework.org/schema/beans" xmlns:context="http://www.springframework.org/schema/context" xmlns:mvc="http://www.springframework.org/schema/mvc" xmlns:p="http://www.springframework.org/schema/p" xmlns:xsi="http://www.w3.org/2001/XMLSchema-instance" xsi:schemaLocation="http://www.springframework.org/schema/beans http://www.springframework.org/schema/beans/spring-beans-3.0.xsd     http://www.springframework.org/schema/context http://www.springframework.org/schema/context/spring-context-3.0.xsd     http://www.springframework.org/schema/mvc http://www.springframework.org/schema/mvc/spring-mvc-3.0.xsd">
				
	<context:component-scan base-package="sample" use-default-filters="false">
		<context:include-filter expression="org.springframework.stereotype.Controller" type="annotation"/>
	</context:component-scan>
	
	<mvc:annotation-driven/>
	
	<bean
		class="org.springframework.web.servlet.view.ContentNegotiatingViewResolver">
		<property name="mediaTypes">
			<map>
				<entry key="atom" value="application/atom+xml" />
				<entry key="html" value="text/html" />
				<entry key="json" value="application/json" />
			</map>
		</property>
		<property name="viewResolvers">
			<list>
				<bean class="org.springframework.web.servlet.view.BeanNameViewResolver" />
				<bean
					class="org.springframework.web.servlet.view.InternalResourceViewResolver">
					<property name="prefix" value="/WEB-INF/views/" />
					<property name="suffix" value=".jsp" />
				</bean>
			</list>
		</property>
		<property name="defaultViews">
			<list>
				<bean class="org.springframework.web.servlet.view.json.MappingJacksonJsonView" />
			</list>
		</property>
	</bean>
	
</beans>
